"NORM: 0.5, NOISE= 0.0001, LEARNING_RATE: 0.001, EPS: 25000000036.8413, Valid Acc: 33.95 Test: 33.14 33.14 31.74 32.33 33.71 34.37
" "NORM: 1.0, NOISE= 1.0, LEARNING_RATE: 0.001, EPS: 286.841361487904, Valid Acc: 17.29 Test: 13.92 13.92 16.6 16.04 17.21 17.49
" "NORM: 5.0, NOISE= 0.6, LEARNING_RATE: 0.001, EPS: 731.28580593234, Valid Acc: 16.77 Test: 15.71 15.71 17.27 17.26 16.6 17.66
" "NORM: 20.0, NOISE= 0.2, LEARNING_RATE: 0.001, EPS: 6286.8413614879, Valid Acc: 15.38 Test: 20.25 20.25 17.34 18.24 15.93 18.52
" "NORM: 0.5, NOISE= 0.0001, LEARNING_RATE: 0.05, EPS: 25000000036.8413, Valid Acc: 64.46 Test: 82.7 82.7 76.35 79.98 65.38 77.7
" "NORM: 1.0, NOISE= 1.0, LEARNING_RATE: 0.05, EPS: 286.841361487904, Valid Acc: 12.06 Test: 11.25 11.25 11.93 12.09 12.56 13.07
" "NORM: 5.0, NOISE= 0.6, LEARNING_RATE: 0.05, EPS: 731.28580593234, Valid Acc: 15.85 Test: 22.22 22.22 23.42 23.73 19.58 21.9
" "NORM: 20.0, NOISE= 0.2, LEARNING_RATE: 0.05, EPS: 6286.8413614879, Valid Acc: 13.52 Test: 20.44 20.44 18.67 19.16 17.88 18.98
" "NORM: 0.5, NOISE= 0.4, LEARNING_RATE: 0.001, EPS: 1599.34136148790, Valid Acc: 15.26 Test: 14.48 14.48 15.29 15.46 14.86 16.13
" "NORM: 2.5, NOISE= 0.0001, LEARNING_RATE: 0.001, EPS: 25000000036.8413, Valid Acc: 28.25 Test: 33.02 33.02 29.59 30.63 29.02 30.53
" "NORM: 5.0, NOISE= 1.0, LEARNING_RATE: 0.001, EPS: 286.841361487904, Valid Acc: 15.54 Test: 13.52 13.52 16.63 16.07 16.7 16.73
" "NORM: 20.0, NOISE= 0.6, LEARNING_RATE: 0.001, EPS: 731.28580593234, Valid Acc: 13.92 Test: 17.58 17.58 15.24 16.39 14.7 17.33
" "NORM: 0.5, NOISE= 0.4, LEARNING_RATE: 0.05, EPS: 1599.34136148790, Valid Acc: 13.83 Test: 11.79 11.79 16.68 16.12 16.47 17.68
" "NORM: 2.5, NOISE= 0.0001, LEARNING_RATE: 0.05, EPS: 25000000036.8413, Valid Acc: 39.33 Test: 50.92 50.92 44.37 46.16 39.6 43.8
" "NORM: 5.0, NOISE= 1.0, LEARNING_RATE: 0.05, EPS: 286.841361487904, Valid Acc: 12.06 Test: 16.47 16.47 15.25 15.66 14.49 15.61
" "NORM: 20.0, NOISE= 0.6, LEARNING_RATE: 0.05, EPS: 731.28580593234, Valid Acc: 12.28 Test: 14.88 14.88 15.2 15.83 15.18 16.78
" "NORM: 0.5, NOISE= 0.0001, LEARNING_RATE: 0.1, EPS: 25000000036.8413, Valid Acc: 64.83 Test: 82.55 82.55 76.3 79.97 65.54 77.83
" "NORM: 1.0, NOISE= 1.0, LEARNING_RATE: 0.1, EPS: 286.841361487904, Valid Acc: 13.74 Test: 21.23 21.23 18.15 18.84 17.27 18.41
" "NORM: 5.0, NOISE= 0.6, LEARNING_RATE: 0.1, EPS: 731.28580593234, Valid Acc: 11.46 Test: 12.1 12.1 11.76 11.78 13.33 13.2
" "NORM: 20.0, NOISE= 0.2, LEARNING_RATE: 0.1, EPS: 6286.8413614879, Valid Acc: 11.76 Test: 10.31 10.31 11.86 11.91 13.48 14.32
" "NORM: 0.5, NOISE= 0.0001, LEARNING_RATE: 0.15, EPS: 25000000036.8413, Valid Acc: 65.17 Test: 82.2 82.2 76.38 79.97 65.61 77.91
" "NORM: 1.0, NOISE= 1.0, LEARNING_RATE: 0.15, EPS: 286.841361487904, Valid Acc: 13.58 Test: 12.36 12.36 14.04 14.34 14.72 15.89
" "NORM: 5.0, NOISE= 0.6, LEARNING_RATE: 0.15, EPS: 731.28580593234, Valid Acc: 12.43 Test: 19.22 19.22 17.21 17.62 16.51 17.32
" "NORM: 20.0, NOISE= 0.2, LEARNING_RATE: 0.15, EPS: 6286.8413614879, Valid Acc: 8.01 Test: 13.86 13.86 14.28 14.68 14.42 15.79
" "NORM: 0.5, NOISE= 0.0001, LEARNING_RATE: 0.25, EPS: 25000000036.8413, Valid Acc: 64.52 Test: 81.91 81.91 75.82 79.48 65.25 77.52
" "NORM: 1.0, NOISE= 1.0, LEARNING_RATE: 0.25, EPS: 286.841361487904, Valid Acc: 13.17 Test: 20.5 20.5 19.77 20.0 18.49 19.5
" "NORM: 5.0, NOISE= 0.6, LEARNING_RATE: 0.25, EPS: 731.28580593234, Valid Acc: 13.62 Test: 16.6 16.6 16.45 16.62 15.97 17.09
" "NORM: 20.0, NOISE= 0.2, LEARNING_RATE: 0.25, EPS: 6286.8413614879, Valid Acc: 9.2 Test: 13.96 13.96 14.26 14.47 14.06 15.24
" "NORM: 0.5, NOISE= 0.2, LEARNING_RATE: 0.001, EPS: 6286.8413614879, Valid Acc: 12.46 Test: 12.0 12.0 12.52 12.68 12.66 13.74
" "NORM: 1.0, NOISE= 2.0, LEARNING_RATE: 0.001, EPS: 93.420680743952, Valid Acc: 12.33 Test: 11.82 11.82 12.21 12.23 12.69 13.22
" "NORM: 5.0, NOISE= 0.8, LEARNING_RATE: 0.001, EPS: 427.466361487904, Valid Acc: 14.65 Test: 10.01 10.01 13.42 12.82 15.31 14.9
" "NORM: 20.0, NOISE= 0.4, LEARNING_RATE: 0.001, EPS: 1599.34136148790, Valid Acc: 17.22 Test: 23.29 23.29 19.47 20.65 17.62 20.14
" "NORM: 0.5, NOISE= 0.2, LEARNING_RATE: 0.05, EPS: 6286.8413614879, Valid Acc: 10.54 Test: 18.15 18.15 15.95 16.58 14.57 16.09
" "NORM: 1.0, NOISE= 2.0, LEARNING_RATE: 0.05, EPS: 93.420680743952, Valid Acc: 12.24 Test: 23.31 23.31 19.77 21.09 17.47 20.11
" "NORM: 5.0, NOISE= 0.8, LEARNING_RATE: 0.05, EPS: 427.466361487904, Valid Acc: 11.35 Test: 15.39 15.39 14.29 14.68 13.8 14.59
" "NORM: 20.0, NOISE= 0.4, LEARNING_RATE: 0.05, EPS: 1599.34136148790, Valid Acc: 12.65 Test: 13.65 13.65 15.0 15.0 14.9 15.75
" "NORM: 0.5, NOISE= 0.2, LEARNING_RATE: 0.1, EPS: 6286.8413614879, Valid Acc: 16.36 Test: 17.21 17.21 18.03 18.2 18.35 19.85
" "NORM: 1.0, NOISE= 2.0, LEARNING_RATE: 0.1, EPS: 93.420680743952, Valid Acc: 10.62 Test: 9.73 9.73 13.56 13.05 14.2 14.48
" "NORM: 5.0, NOISE= 0.8, LEARNING_RATE: 0.1, EPS: 427.466361487904, Valid Acc: 13.61 Test: 18.36 18.36 16.95 17.39 16.38 17.39
" "NORM: 20.0, NOISE= 0.4, LEARNING_RATE: 0.1, EPS: 1599.34136148790, Valid Acc: 16.59 Test: 19.2 19.2 19.24 19.3 18.81 19.48
" "NORM: 0.5, NOISE= 0.2, LEARNING_RATE: 0.15, EPS: 6286.8413614879, Valid Acc: 9.68 Test: 12.5 12.5 13.28 13.75 12.8 14.58
" "NORM: 1.0, NOISE= 2.0, LEARNING_RATE: 0.15, EPS: 93.420680743952, Valid Acc: 10.65 Test: 17.65 17.65 14.32 15.28 13.4 15.14
" "NORM: 5.0, NOISE= 0.8, LEARNING_RATE: 0.15, EPS: 427.466361487904, Valid Acc: 16.0 Test: 22.25 22.25 18.28 19.26 16.31 18.05
" "NORM: 20.0, NOISE= 0.4, LEARNING_RATE: 0.15, EPS: 1599.34136148790, Valid Acc: 11.99 Test: 19.22 19.22 19.22 19.47 17.76 19.37
" "NORM: 0.5, NOISE= 0.2, LEARNING_RATE: 0.25, EPS: 6286.8413614879, Valid Acc: 13.8 Test: 17.5 17.5 16.51 16.89 16.34 17.29
" "NORM: 1.0, NOISE= 2.0, LEARNING_RATE: 0.25, EPS: 93.420680743952, Valid Acc: 9.4 Test: 14.16 14.16 13.95 14.14 14.01 14.85
" "NORM: 5.0, NOISE= 0.8, LEARNING_RATE: 0.25, EPS: 427.466361487904, Valid Acc: 12.0 Test: 13.38 13.38 12.65 13.1 12.42 14.07
" "NORM: 20.0, NOISE= 0.4, LEARNING_RATE: 0.25, EPS: 1599.34136148790, Valid Acc: 12.36 Test: 12.03 12.03 14.05 13.75 14.29 14.77
" "NORM: 0.5, NOISE= 0.4, LEARNING_RATE: 0.1, EPS: 1599.34136148790, Valid Acc: 17.58 Test: 20.68 20.68 19.29 20.04 18.37 19.82
" "NORM: 2.5, NOISE= 0.0001, LEARNING_RATE: 0.1, EPS: 25000000036.8413, Valid Acc: 40.15 Test: 48.4 48.4 43.89 45.21 40.13 43.86
" "NORM: 5.0, NOISE= 1.0, LEARNING_RATE: 0.1, EPS: 286.841361487904, Valid Acc: 13.98 Test: 13.65 13.65 15.76 15.71 15.38 16.8
" "NORM: 20.0, NOISE= 0.6, LEARNING_RATE: 0.1, EPS: 731.28580593234, Valid Acc: 9.9 Test: 20.97 20.97 17.2 18.2 16.14 17.98
" "NORM: 0.5, NOISE= 0.4, LEARNING_RATE: 0.15, EPS: 1599.34136148790, Valid Acc: 12.71 Test: 14.67 14.67 13.89 14.18 13.97 14.79
" "NORM: 2.5, NOISE= 0.0001, LEARNING_RATE: 0.15, EPS: 25000000036.8413, Valid Acc: 40.76 Test: 50.99 50.99 44.67 46.62 40.44 44.86
" "NORM: 5.0, NOISE= 1.0, LEARNING_RATE: 0.15, EPS: 286.841361487904, Valid Acc: 12.31 Test: 6.39 6.39 11.83 10.97 12.89 12.92
" "NORM: 20.0, NOISE= 0.6, LEARNING_RATE: 0.15, EPS: 731.28580593234, Valid Acc: 16.45 Test: 26.42 26.42 21.12 22.76 18.88 21.77
" "NORM: 0.5, NOISE= 0.4, LEARNING_RATE: 0.25, EPS: 1599.34136148790, Valid Acc: 15.09 Test: 20.97 20.97 18.13 19.26 16.48 18.84
" "NORM: 2.5, NOISE= 0.0001, LEARNING_RATE: 0.25, EPS: 25000000036.8413, Valid Acc: 39.75 Test: 48.08 48.08 44.34 45.62 39.75 43.88
" "NORM: 5.0, NOISE= 1.0, LEARNING_RATE: 0.25, EPS: 286.841361487904, Valid Acc: 12.45 Test: 19.68 19.68 17.23 17.9 15.89 17.59
" "NORM: 20.0, NOISE= 0.6, LEARNING_RATE: 0.25, EPS: 731.28580593234, Valid Acc: 13.77 Test: 13.9 13.9 15.24 15.02 15.27 15.79
" "NORM: 0.5, NOISE= 0.6, LEARNING_RATE: 0.001, EPS: 731.28580593234, Valid Acc: 15.14 Test: 9.9 9.9 13.51 12.56 15.17 14.39
" "NORM: 2.5, NOISE= 0.2, LEARNING_RATE: 0.001, EPS: 6286.8413614879, Valid Acc: 13.23 Test: 14.31 14.31 13.56 14.13 13.31 14.55
" "NORM: 5.0, NOISE= 2.0, LEARNING_RATE: 0.001, EPS: 93.420680743952, Valid Acc: 11.05 Test: 11.48 11.48 11.41 11.51 11.81 12.35
" "NORM: 20.0, NOISE= 0.8, LEARNING_RATE: 0.001, EPS: 427.466361487904, Valid Acc: 7.91 Test: 7.69 7.69 8.7 8.63 9.33 9.62
" "NORM: 0.5, NOISE= 0.6, LEARNING_RATE: 0.05, EPS: 731.28580593234, Valid Acc: 15.03 Test: 19.52 19.52 19.45 20.04 17.27 19.42
" "NORM: 2.5, NOISE= 0.2, LEARNING_RATE: 0.05, EPS: 6286.8413614879, Valid Acc: 10.42 Test: 18.35 18.35 16.21 16.91 15.39 17.02
" "NORM: 5.0, NOISE= 2.0, LEARNING_RATE: 0.05, EPS: 93.420680743952, Valid Acc: 10.9 Test: 10.23 10.23 12.26 12.13 12.68 13.03
" "NORM: 20.0, NOISE= 0.8, LEARNING_RATE: 0.05, EPS: 427.466361487904, Valid Acc: 12.65 Test: 15.43 15.43 15.55 16.43 14.96 17.43
" "NORM: 0.5, NOISE= 0.6, LEARNING_RATE: 0.1, EPS: 731.28580593234, Valid Acc: 13.52 Test: 14.52 14.52 14.19 14.5 14.03 14.91
" "NORM: 2.5, NOISE= 0.2, LEARNING_RATE: 0.1, EPS: 6286.8413614879, Valid Acc: 11.99 Test: 15.24 15.24 16.4 16.33 16.49 17.65
" "NORM: 5.0, NOISE= 2.0, LEARNING_RATE: 0.1, EPS: 93.420680743952, Valid Acc: 13.89 Test: 13.78 13.78 14.99 14.87 15.43 16.2
" "NORM: 20.0, NOISE= 0.8, LEARNING_RATE: 0.1, EPS: 427.466361487904, Valid Acc: 10.87 Test: 10.52 10.52 11.91 11.69 12.38 12.39
" "NORM: 0.5, NOISE= 0.6, LEARNING_RATE: 0.15, EPS: 731.28580593234, Valid Acc: 10.51 Test: 21.0 21.0 15.55 16.67 14.6 15.79
" "NORM: 2.5, NOISE= 0.2, LEARNING_RATE: 0.15, EPS: 6286.8413614879, Valid Acc: 10.96 Test: 14.99 14.99 15.65 16.5 15.71 17.9
" "NORM: 5.0, NOISE= 2.0, LEARNING_RATE: 0.15, EPS: 93.420680743952, Valid Acc: 14.72 Test: 17.21 17.21 15.81 16.34 14.85 16.42
" "NORM: 20.0, NOISE= 0.8, LEARNING_RATE: 0.15, EPS: 427.466361487904, Valid Acc: 14.26 Test: 18.09 18.09 17.49 17.81 16.24 17.46
" "NORM: 0.5, NOISE= 0.6, LEARNING_RATE: 0.25, EPS: 731.28580593234, Valid Acc: 13.8 Test: 14.48 14.48 14.41 14.79 14.58 15.91
" "NORM: 2.5, NOISE= 0.2, LEARNING_RATE: 0.25, EPS: 6286.8413614879, Valid Acc: 15.06 Test: 20.81 20.81 18.61 19.3 17.84 19.61
" "NORM: 5.0, NOISE= 2.0, LEARNING_RATE: 0.25, EPS: 93.420680743952, Valid Acc: 9.44 Test: 9.06 9.06 10.52 10.73 11.33 12.01
" "NORM: 20.0, NOISE= 0.8, LEARNING_RATE: 0.25, EPS: 427.466361487904, Valid Acc: 13.26 Test: 10.55 10.55 13.28 13.55 14.0 15.86
" "NORM: 0.5, NOISE= 0.8, LEARNING_RATE: 0.001, EPS: 427.466361487904, Valid Acc: 11.99 Test: 11.1 11.1 11.6 11.98 12.0 13.73
" "NORM: 2.5, NOISE= 0.4, LEARNING_RATE: 0.001, EPS: 1599.34136148790, Valid Acc: 14.68 Test: 18.89 18.89 17.87 18.44 15.75 17.47
" "NORM: 10.0, NOISE= 0.0001, LEARNING_RATE: 0.001, EPS: 25000000036.8413, Valid Acc: 27.27 Test: 32.6 32.6 28.55 29.94 27.5 29.48
" "NORM: 20.0, NOISE= 1.0, LEARNING_RATE: 0.001, EPS: 286.841361487904, Valid Acc: 15.36 Test: 13.37 13.37 15.52 15.3 15.71 16.65
" "NORM: 0.5, NOISE= 0.8, LEARNING_RATE: 0.05, EPS: 427.466361487904, Valid Acc: 12.98 Test: 20.29 20.29 19.51 19.94 16.31 18.27
" "NORM: 2.5, NOISE= 0.4, LEARNING_RATE: 0.05, EPS: 1599.34136148790, Valid Acc: 14.04 Test: 29.38 29.38 19.04 22.06 16.67 21.18
" "NORM: 10.0, NOISE= 0.0001, LEARNING_RATE: 0.05, EPS: 25000000036.8413, Valid Acc: 26.04 Test: 31.17 31.17 28.41 29.63 26.13 29.2
" "NORM: 20.0, NOISE= 1.0, LEARNING_RATE: 0.05, EPS: 286.841361487904, Valid Acc: 11.51 Test: 12.24 12.24 12.37 12.46 12.48 12.95
" "NORM: 0.5, NOISE= 0.8, LEARNING_RATE: 0.1, EPS: 427.466361487904, Valid Acc: 14.2 Test: 24.78 24.78 20.82 21.78 18.37 20.31
" "NORM: 2.5, NOISE= 0.4, LEARNING_RATE: 0.1, EPS: 1599.34136148790, Valid Acc: 12.49 Test: 18.36 18.36 18.23 18.62 16.4 17.98
" "NORM: 10.0, NOISE= 0.0001, LEARNING_RATE: 0.1, EPS: 25000000036.8413, Valid Acc: 26.53 Test: 32.98 32.98 28.24 29.73 26.91 29.37
" "NORM: 20.0, NOISE= 1.0, LEARNING_RATE: 0.1, EPS: 286.841361487904, Valid Acc: 9.26 Test: 17.13 17.13 18.76 18.72 18.23 19.38
" "NORM: 0.5, NOISE= 0.8, LEARNING_RATE: 0.15, EPS: 427.466361487904, Valid Acc: 10.26 Test: 11.0 11.0 13.2 13.4 13.43 14.64
" "NORM: 2.5, NOISE= 0.4, LEARNING_RATE: 0.15, EPS: 1599.34136148790, Valid Acc: 15.82 Test: 23.85 23.85 18.68 20.01 16.94 19.35
" "NORM: 10.0, NOISE= 0.0001, LEARNING_RATE: 0.15, EPS: 25000000036.8413, Valid Acc: 27.49 Test: 33.62 33.62 30.93 31.96 28.17 30.83
" "NORM: 20.0, NOISE= 1.0, LEARNING_RATE: 0.15, EPS: 286.841361487904, Valid Acc: 13.06 Test: 19.06 19.06 19.37 19.97 18.33 20.41
" "NORM: 0.5, NOISE= 0.8, LEARNING_RATE: 0.25, EPS: 427.466361487904, Valid Acc: 12.49 Test: 23.74 23.74 17.37 18.94 14.62 17.26
" "NORM: 2.5, NOISE= 0.4, LEARNING_RATE: 0.25, EPS: 1599.34136148790, Valid Acc: 10.11 Test: 13.69 13.69 12.89 13.98 13.75 15.57
" "NORM: 10.0, NOISE= 0.0001, LEARNING_RATE: 0.25, EPS: 25000000036.8413, Valid Acc: 27.36 Test: 32.14 32.14 29.75 30.48 27.83 29.57
" "NORM: 20.0, NOISE= 1.0, LEARNING_RATE: 0.25, EPS: 286.841361487904, Valid Acc: 10.8 Test: 11.31 11.31 12.03 12.01 12.25 12.86
" "NORM: 0.5, NOISE= 1.0, LEARNING_RATE: 0.001, EPS: 286.841361487904, Valid Acc: 14.87 Test: 24.17 24.17 18.02 19.5 16.41 18.67
" "NORM: 2.5, NOISE= 0.6, LEARNING_RATE: 0.001, EPS: 731.28580593234, Valid Acc: 12.13 Test: 9.41 9.41 10.39 10.57 11.47 12.33
" "NORM: 10.0, NOISE= 0.2, LEARNING_RATE: 0.001, EPS: 6286.8413614879, Valid Acc: 9.68 Test: 10.9 10.9 10.24 10.9 10.76 12.17
" "NORM: 20.0, NOISE= 2.0, LEARNING_RATE: 0.001, EPS: 93.420680743952, Valid Acc: 19.41 Test: 26.64 26.64 24.47 25.28 20.18 22.71
" "NORM: 0.5, NOISE= 1.0, LEARNING_RATE: 0.05, EPS: 286.841361487904, Valid Acc: 15.12 Test: 16.45 16.45 15.78 16.15 15.28 16.53
" "NORM: 2.5, NOISE= 0.6, LEARNING_RATE: 0.05, EPS: 731.28580593234, Valid Acc: 13.22 Test: 18.09 18.09 17.04 17.38 16.12 17.12
" "NORM: 10.0, NOISE= 0.2, LEARNING_RATE: 0.05, EPS: 6286.8413614879, Valid Acc: 18.53 Test: 22.03 22.03 19.97 20.87 18.57 20.92
" "NORM: 20.0, NOISE= 2.0, LEARNING_RATE: 0.05, EPS: 93.420680743952, Valid Acc: 12.91 Test: 11.94 11.94 12.5 12.53 13.03 13.83
" "NORM: 0.5, NOISE= 1.0, LEARNING_RATE: 0.1, EPS: 286.841361487904, Valid Acc: 11.88 Test: 16.4 16.4 15.29 15.79 15.55 16.82
" "NORM: 2.5, NOISE= 0.6, LEARNING_RATE: 0.1, EPS: 731.28580593234, Valid Acc: 10.84 Test: 9.72 9.72 12.86 12.14 14.33 14.04
" "NORM: 10.0, NOISE= 0.2, LEARNING_RATE: 0.1, EPS: 6286.8413614879, Valid Acc: 10.68 Test: 16.83 16.83 14.3 15.13 13.35 15.19
" "NORM: 20.0, NOISE= 2.0, LEARNING_RATE: 0.1, EPS: 93.420680743952, Valid Acc: 11.55 Test: 10.34 10.34 15.15 14.45 15.53 15.56
" "NORM: 0.5, NOISE= 1.0, LEARNING_RATE: 0.15, EPS: 286.841361487904, Valid Acc: 18.36 Test: 26.02 26.02 21.22 22.58 18.56 21.1
" "NORM: 2.5, NOISE= 0.6, LEARNING_RATE: 0.15, EPS: 731.28580593234, Valid Acc: 9.35 Test: 7.0 7.0 12.2 11.65 13.12 13.62
" "NORM: 10.0, NOISE= 0.2, LEARNING_RATE: 0.15, EPS: 6286.8413614879, Valid Acc: 13.16 Test: 16.46 16.46 16.45 16.64 16.35 17.53
" "NORM: 20.0, NOISE= 2.0, LEARNING_RATE: 0.15, EPS: 93.420680743952, Valid Acc: 12.86 Test: 19.58 19.58 16.66 17.52 15.47 17.24
" "NORM: 0.5, NOISE= 1.0, LEARNING_RATE: 0.25, EPS: 286.841361487904, Valid Acc: 15.43 Test: 12.99 12.99 16.34 15.74 15.98 15.97
" "NORM: 2.5, NOISE= 0.6, LEARNING_RATE: 0.25, EPS: 731.28580593234, Valid Acc: 13.61 Test: 16.61 16.61 16.32 16.41 15.66 16.45
" "NORM: 10.0, NOISE= 0.2, LEARNING_RATE: 0.25, EPS: 6286.8413614879, Valid Acc: 12.04 Test: 22.13 22.13 18.34 19.25 16.71 18.34
" "NORM: 20.0, NOISE= 2.0, LEARNING_RATE: 0.25, EPS: 93.420680743952, Valid Acc: 12.65 Test: 14.62 14.62 15.12 15.08 15.05 15.45
" "NORM: 0.5, NOISE= 2.0, LEARNING_RATE: 0.001, EPS: 93.420680743952, Valid Acc: 16.42 Test: 17.32 17.32 16.75 16.99 15.92 17.02
" "NORM: 2.5, NOISE= 0.8, LEARNING_RATE: 0.001, EPS: 427.466361487904, Valid Acc: 14.17 Test: 16.27 16.27 16.52 16.59 16.06 16.74
" "NORM: 10.0, NOISE= 0.4, LEARNING_RATE: 0.001, EPS: 1599.34136148790, Valid Acc: 11.24 Test: 10.5 10.5 11.43 11.95 11.5 13.0
" "NORM: 0.5, NOISE= 2.0, LEARNING_RATE: 0.05, EPS: 93.420680743952, Valid Acc: 15.6 Test: 14.45 14.45 15.39 15.92 15.59 17.21
" "NORM: 2.5, NOISE= 0.8, LEARNING_RATE: 0.05, EPS: 427.466361487904, Valid Acc: 13.52 Test: 8.91 8.91 13.56 12.9 13.5 13.71
" "NORM: 10.0, NOISE= 0.4, LEARNING_RATE: 0.05, EPS: 1599.34136148790, Valid Acc: 14.22 Test: 15.81 15.81 17.32 17.38 16.19 17.14
" "NORM: 0.5, NOISE= 2.0, LEARNING_RATE: 0.1, EPS: 93.420680743952, Valid Acc: 14.17 Test: 16.41 16.41 18.13 17.99 17.76 18.63
" "NORM: 2.5, NOISE= 0.8, LEARNING_RATE: 0.1, EPS: 427.466361487904, Valid Acc: 13.17 Test: 8.95 8.95 12.66 11.81 13.17 12.6
" "NORM: 10.0, NOISE= 0.4, LEARNING_RATE: 0.1, EPS: 1599.34136148790, Valid Acc: 14.94 Test: 16.32 16.32 15.54 16.22 15.15 16.95
" "NORM: 0.5, NOISE= 2.0, LEARNING_RATE: 0.15, EPS: 93.420680743952, Valid Acc: 12.06 Test: 11.8 11.8 11.88 11.95 12.19 12.55
" "NORM: 2.5, NOISE= 0.8, LEARNING_RATE: 0.15, EPS: 427.466361487904, Valid Acc: 12.15 Test: 13.04 13.04 12.14 12.88 11.66 13.25
" "NORM: 10.0, NOISE= 0.4, LEARNING_RATE: 0.15, EPS: 1599.34136148790, Valid Acc: 14.16 Test: 13.46 13.46 14.34 14.78 14.46 16.18
" "NORM: 0.5, NOISE= 2.0, LEARNING_RATE: 0.25, EPS: 93.420680743952, Valid Acc: 12.51 Test: 14.23 14.23 14.36 14.68 14.81 15.58
" "NORM: 2.5, NOISE= 0.8, LEARNING_RATE: 0.25, EPS: 427.466361487904, Valid Acc: 10.42 Test: 12.9 12.9 16.67 16.2 15.02 16.14
" "NORM: 10.0, NOISE= 0.4, LEARNING_RATE: 0.25, EPS: 1599.34136148790, Valid Acc: 10.47 Test: 7.53 7.53 12.21 11.27 13.12 12.55
" "NORM: 1.0, NOISE= 0.0001, LEARNING_RATE: 0.001, EPS: 25000000036.8413, Valid Acc: 32.12 Test: 33.14 33.14 32.33 32.72 31.89 33.08
" "NORM: 2.5, NOISE= 1.0, LEARNING_RATE: 0.001, EPS: 286.841361487904, Valid Acc: 14.87 Test: 13.49 13.49 14.31 14.61 14.46 15.93
" "NORM: 10.0, NOISE= 0.6, LEARNING_RATE: 0.001, EPS: 731.28580593234, Valid Acc: 10.26 Test: 7.84 7.84 10.14 10.05 10.8 11.5
" "NORM: 1.0, NOISE= 0.0001, LEARNING_RATE: 0.05, EPS: 25000000036.8413, Valid Acc: 59.91 Test: 76.35 76.35 69.13 72.63 60.68 71.16
" "NORM: 2.5, NOISE= 1.0, LEARNING_RATE: 0.05, EPS: 286.841361487904, Valid Acc: 13.71 Test: 13.19 13.19 13.56 13.64 13.69 14.44
" "NORM: 10.0, NOISE= 0.6, LEARNING_RATE: 0.05, EPS: 731.28580593234, Valid Acc: 11.7 Test: 19.23 19.23 19.21 19.63 18.09 19.55
" "NORM: 1.0, NOISE= 0.0001, LEARNING_RATE: 0.1, EPS: 25000000036.8413, Valid Acc: 60.91 Test: 76.15 76.15 70.75 73.74 61.43 71.87
" "NORM: 2.5, NOISE= 1.0, LEARNING_RATE: 0.1, EPS: 286.841361487904, Valid Acc: 11.17 Test: 25.06 25.06 17.58 19.32 15.37 17.93
" "NORM: 10.0, NOISE= 0.6, LEARNING_RATE: 0.1, EPS: 731.28580593234, Valid Acc: 12.12 Test: 15.32 15.32 14.63 15.32 14.06 15.85
" "NORM: 1.0, NOISE= 0.0001, LEARNING_RATE: 0.15, EPS: 25000000036.8413, Valid Acc: 60.79 Test: 76.63 76.63 71.09 74.2 61.53 72.29
" "NORM: 2.5, NOISE= 1.0, LEARNING_RATE: 0.15, EPS: 286.841361487904, Valid Acc: 10.84 Test: 16.03 16.03 15.69 16.05 15.58 16.55
" "NORM: 10.0, NOISE= 0.6, LEARNING_RATE: 0.15, EPS: 731.28580593234, Valid Acc: 11.09 Test: 14.47 14.47 14.13 14.31 14.14 15.01
" "NORM: 1.0, NOISE= 0.0001, LEARNING_RATE: 0.25, EPS: 25000000036.8413, Valid Acc: 60.45 Test: 75.68 75.68 69.99 73.02 60.84 71.16
" "NORM: 2.5, NOISE= 1.0, LEARNING_RATE: 0.25, EPS: 286.841361487904, Valid Acc: 13.32 Test: 13.13 13.13 13.99 13.96 13.92 14.61
" "NORM: 10.0, NOISE= 0.6, LEARNING_RATE: 0.25, EPS: 731.28580593234, Valid Acc: 13.14 Test: 18.08 18.08 17.05 17.52 16.11 17.33
" "NORM: 1.0, NOISE= 0.2, LEARNING_RATE: 0.001, EPS: 6286.8413614879, Valid Acc: 11.3 Test: 9.9 9.9 11.37 11.26 12.07 12.49
" "NORM: 2.5, NOISE= 2.0, LEARNING_RATE: 0.001, EPS: 93.420680743952, Valid Acc: 13.46 Test: 12.8 12.8 13.21 13.57 13.73 14.76
" "NORM: 10.0, NOISE= 0.8, LEARNING_RATE: 0.001, EPS: 427.466361487904, Valid Acc: 13.03 Test: 15.14 15.14 14.01 14.27 14.1 14.76
" "NORM: 1.0, NOISE= 0.2, LEARNING_RATE: 0.05, EPS: 6286.8413614879, Valid Acc: 13.72 Test: 13.8 13.8 14.77 14.67 14.22 14.6
" "NORM: 2.5, NOISE= 2.0, LEARNING_RATE: 0.05, EPS: 93.420680743952, Valid Acc: 14.45 Test: 20.76 20.76 18.38 19.23 16.43 18.82
" "NORM: 10.0, NOISE= 0.8, LEARNING_RATE: 0.05, EPS: 427.466361487904, Valid Acc: 14.56 Test: 16.59 16.59 17.56 18.21 16.94 19.09
" "NORM: 1.0, NOISE= 0.2, LEARNING_RATE: 0.1, EPS: 6286.8413614879, Valid Acc: 15.51 Test: 15.54 15.54 14.99 15.92 14.95 17.1
" "NORM: 2.5, NOISE= 2.0, LEARNING_RATE: 0.1, EPS: 93.420680743952, Valid Acc: 12.36 Test: 15.89 15.89 15.46 15.62 15.27 16.31
" "NORM: 10.0, NOISE= 0.8, LEARNING_RATE: 0.1, EPS: 427.466361487904, Valid Acc: 10.45 Test: 14.81 14.81 13.92 14.88 13.85 15.93
" "NORM: 1.0, NOISE= 0.2, LEARNING_RATE: 0.15, EPS: 6286.8413614879, Valid Acc: 10.88 Test: 10.31 10.31 12.87 12.51 13.2 13.36
" "NORM: 2.5, NOISE= 2.0, LEARNING_RATE: 0.15, EPS: 93.420680743952, Valid Acc: 8.95 Test: 16.56 16.56 18.49 18.38 15.38 16.71
" "NORM: 10.0, NOISE= 0.8, LEARNING_RATE: 0.15, EPS: 427.466361487904, Valid Acc: 13.12 Test: 14.92 14.92 15.55 15.52 15.69 16.07
" "NORM: 1.0, NOISE= 0.2, LEARNING_RATE: 0.25, EPS: 6286.8413614879, Valid Acc: 13.77 Test: 12.51 12.51 13.38 13.3 13.67 14.18
" "NORM: 2.5, NOISE= 2.0, LEARNING_RATE: 0.25, EPS: 93.420680743952, Valid Acc: 11.09 Test: 19.64 19.64 18.11 19.22 16.2 19.35
" "NORM: 10.0, NOISE= 0.8, LEARNING_RATE: 0.25, EPS: 427.466361487904, Valid Acc: 11.12 Test: 22.88 22.88 17.7 18.95 16.64 18.51
" "NORM: 1.0, NOISE= 0.4, LEARNING_RATE: 0.001, EPS: 1599.34136148790, Valid Acc: 10.83 Test: 10.0 10.0 10.99 10.96 11.49 11.92
" "NORM: 5.0, NOISE= 0.0001, LEARNING_RATE: 0.001, EPS: 25000000036.8413, Valid Acc: 27.29 Test: 34.66 34.66 28.81 30.43 27.82 30.2
" "NORM: 10.0, NOISE= 1.0, LEARNING_RATE: 0.001, EPS: 286.841361487904, Valid Acc: 13.84 Test: 9.2 9.2 12.13 11.58 13.29 12.89
" "NORM: 1.0, NOISE= 0.4, LEARNING_RATE: 0.05, EPS: 1599.34136148790, Valid Acc: 9.92 Test: 12.68 12.68 14.03 13.87 13.98 14.75
" "NORM: 5.0, NOISE= 0.0001, LEARNING_RATE: 0.05, EPS: 25000000036.8413, Valid Acc: 28.82 Test: 35.01 35.01 33.67 34.32 28.61 31.67
" "NORM: 10.0, NOISE= 1.0, LEARNING_RATE: 0.05, EPS: 286.841361487904, Valid Acc: 12.21 Test: 11.84 11.84 14.28 13.83 15.91 15.79
" "NORM: 1.0, NOISE= 0.4, LEARNING_RATE: 0.1, EPS: 1599.34136148790, Valid Acc: 10.94 Test: 24.14 24.14 18.99 20.92 16.69 20.43
" "NORM: 5.0, NOISE= 0.0001, LEARNING_RATE: 0.1, EPS: 25000000036.8413, Valid Acc: 28.43 Test: 36.32 36.32 32.07 33.65 29.47 32.49
" "NORM: 10.0, NOISE= 1.0, LEARNING_RATE: 0.1, EPS: 286.841361487904, Valid Acc: 12.58 Test: 12.55 12.55 13.12 13.29 14.12 15.45
" "NORM: 1.0, NOISE= 0.4, LEARNING_RATE: 0.15, EPS: 1599.34136148790, Valid Acc: 9.72 Test: 17.36 17.36 16.33 17.0 15.32 16.9
" "NORM: 5.0, NOISE= 0.0001, LEARNING_RATE: 0.15, EPS: 25000000036.8413, Valid Acc: 30.59 Test: 37.66 37.66 33.58 35.12 30.72 34.0
" "NORM: 10.0, NOISE= 1.0, LEARNING_RATE: 0.15, EPS: 286.841361487904, Valid Acc: 11.61 Test: 11.95 11.95 16.63 16.29 16.43 17.25
" "NORM: 1.0, NOISE= 0.4, LEARNING_RATE: 0.25, EPS: 1599.34136148790, Valid Acc: 12.67 Test: 16.34 16.34 13.87 14.5 13.51 14.58
" "NORM: 5.0, NOISE= 0.0001, LEARNING_RATE: 0.25, EPS: 25000000036.8413, Valid Acc: 33.22 Test: 44.63 44.63 37.95 40.0 33.27 37.53
" "NORM: 10.0, NOISE= 1.0, LEARNING_RATE: 0.25, EPS: 286.841361487904, Valid Acc: 10.97 Test: 14.45 14.45 15.63 15.7 15.62 16.58
" "NORM: 1.0, NOISE= 0.6, LEARNING_RATE: 0.001, EPS: 731.28580593234, Valid Acc: 10.19 Test: 7.97 7.97 10.91 10.53 11.33 11.64
" "NORM: 5.0, NOISE= 0.2, LEARNING_RATE: 0.001, EPS: 6286.8413614879, Valid Acc: 14.3 Test: 14.57 14.57 14.66 14.92 14.88 16.26
" "NORM: 10.0, NOISE= 2.0, LEARNING_RATE: 0.001, EPS: 93.420680743952, Valid Acc: 11.17 Test: 11.21 11.21 11.93 11.89 11.77 12.72
" "NORM: 1.0, NOISE= 0.6, LEARNING_RATE: 0.05, EPS: 731.28580593234, Valid Acc: 11.78 Test: 22.38 22.38 19.67 20.43 18.63 20.04
" "NORM: 5.0, NOISE= 0.2, LEARNING_RATE: 0.05, EPS: 6286.8413614879, Valid Acc: 12.68 Test: 17.11 17.11 16.67 17.52 16.12 18.41
" "NORM: 10.0, NOISE= 2.0, LEARNING_RATE: 0.05, EPS: 93.420680743952, Valid Acc: 14.91 Test: 16.71 16.71 15.89 16.65 16.23 17.95
" "NORM: 1.0, NOISE= 0.6, LEARNING_RATE: 0.1, EPS: 731.28580593234, Valid Acc: 13.5 Test: 20.18 20.18 18.01 18.83 16.56 18.57
" "NORM: 5.0, NOISE= 0.2, LEARNING_RATE: 0.1, EPS: 6286.8413614879, Valid Acc: 14.26 Test: 18.41 18.41 15.58 16.28 15.01 16.44
" "NORM: 10.0, NOISE= 2.0, LEARNING_RATE: 0.1, EPS: 93.420680743952, Valid Acc: 11.79 Test: 19.05 19.05 18.23 18.54 17.41 18.53
" "NORM: 1.0, NOISE= 0.6, LEARNING_RATE: 0.15, EPS: 731.28580593234, Valid Acc: 14.68 Test: 18.1 18.1 16.08 17.15 15.17 17.52
" "NORM: 5.0, NOISE= 0.2, LEARNING_RATE: 0.15, EPS: 6286.8413614879, Valid Acc: 10.62 Test: 13.69 13.69 15.12 15.24 15.13 15.78
" "NORM: 10.0, NOISE= 2.0, LEARNING_RATE: 0.15, EPS: 93.420680743952, Valid Acc: 13.8 Test: 14.03 14.03 15.5 15.48 15.69 16.35
" "NORM: 1.0, NOISE= 0.6, LEARNING_RATE: 0.25, EPS: 731.28580593234, Valid Acc: 13.16 Test: 19.19 19.19 17.85 18.82 17.26 19.61
" "NORM: 5.0, NOISE= 0.2, LEARNING_RATE: 0.25, EPS: 6286.8413614879, Valid Acc: 12.03 Test: 14.91 14.91 15.19 15.35 15.04 16.31
" "NORM: 10.0, NOISE= 2.0, LEARNING_RATE: 0.25, EPS: 93.420680743952, Valid Acc: 15.2 Test: 15.43 15.43 15.26 15.58 15.5 16.77
" "NORM: 1.0, NOISE= 0.8, LEARNING_RATE: 0.001, EPS: 427.466361487904, Valid Acc: 13.06 Test: 9.95 9.95 11.78 11.69 12.56 13.19
" "NORM: 5.0, NOISE= 0.4, LEARNING_RATE: 0.001, EPS: 1599.34136148790, Valid Acc: 13.74 Test: 13.72 13.72 13.75 14.13 13.82 15.45
" "NORM: 20.0, NOISE= 0.0001, LEARNING_RATE: 0.001, EPS: 25000000036.8413, Valid Acc: 21.0 Test: 20.63 20.63 21.26 21.63 20.94 22.33
" "NORM: 1.0, NOISE= 0.8, LEARNING_RATE: 0.05, EPS: 427.466361487904, Valid Acc: 12.83 Test: 19.63 19.63 17.66 18.24 16.09 17.57
" "NORM: 5.0, NOISE= 0.4, LEARNING_RATE: 0.05, EPS: 1599.34136148790, Valid Acc: 12.16 Test: 22.7 22.7 19.29 20.2 17.76 19.52
" "NORM: 20.0, NOISE= 0.0001, LEARNING_RATE: 0.05, EPS: 25000000036.8413, Valid Acc: 22.28 Test: 36.17 36.17 26.54 29.81 23.14 28.36
" "NORM: 1.0, NOISE= 0.8, LEARNING_RATE: 0.1, EPS: 427.466361487904, Valid Acc: 12.45 Test: 16.23 16.23 15.89 16.12 15.13 16.1
" "NORM: 5.0, NOISE= 0.4, LEARNING_RATE: 0.1, EPS: 1599.34136148790, Valid Acc: 17.61 Test: 19.51 19.51 17.6 18.18 16.91 18.2
" "NORM: 20.0, NOISE= 0.0001, LEARNING_RATE: 0.1, EPS: 25000000036.8413, Valid Acc: 23.87 Test: 30.52 30.52 26.19 28.15 24.92 28.32
" "NORM: 1.0, NOISE= 0.8, LEARNING_RATE: 0.15, EPS: 427.466361487904, Valid Acc: 12.39 Test: 24.83 24.83 20.64 21.67 18.17 20.17
" "NORM: 5.0, NOISE= 0.4, LEARNING_RATE: 0.15, EPS: 1599.34136148790, Valid Acc: 13.96 Test: 14.21 14.21 15.01 15.0 14.25 15.05
" "NORM: 20.0, NOISE= 0.0001, LEARNING_RATE: 0.15, EPS: 25000000036.8413, Valid Acc: 21.16 Test: 21.92 21.92 21.41 22.44 20.82 23.41
" "NORM: 1.0, NOISE= 0.8, LEARNING_RATE: 0.25, EPS: 427.466361487904, Valid Acc: 15.43 Test: 23.68 23.68 20.46 21.38 18.01 20.05
" "NORM: 5.0, NOISE= 0.4, LEARNING_RATE: 0.25, EPS: 1599.34136148790, Valid Acc: 15.27 Test: 19.91 19.91 17.96 18.57 16.37 17.99
" "NORM: 20.0, NOISE= 0.0001, LEARNING_RATE: 0.25, EPS: 25000000036.8413, Valid Acc: 24.25 Test: 29.55 29.55 26.63 27.63 24.68 26.89
"
